AbsMyPosX,AbsMyPosZ,AbsBallPosX,AbsBallPosZ,TienePelota,InputX,InputZ,Disparo,Pase
44.000,-93.000,59.000,80.600,0,1.000,1.000,0,0
44.818,-83.533,59.000,80.600,0,1.000,1.000,0,0
45.643,-73.979,59.000,80.600,0,1.000,1.000,0,0
46.469,-64.426,59.000,80.600,0,1.000,1.000,0,0
47.294,-54.873,59.000,80.600,0,1.000,1.000,0,0
48.120,-45.320,59.000,80.600,0,1.000,1.000,0,0
48.945,-35.767,59.000,80.600,0,1.000,1.000,0,0
49.771,-26.214,59.000,80.600,0,1.000,1.000,0,0
50.596,-16.661,59.000,80.600,0,1.000,1.000,0,0
51.422,-7.108,59.000,80.600,0,1.000,1.000,0,0
52.247,2.445,59.000,80.600,0,1.000,1.000,0,0
53.072,11.998,59.000,80.600,0,1.000,1.000,0,0
53.898,21.552,59.000,80.600,0,1.000,1.000,0,0
54.723,31.105,59.000,80.600,0,1.000,1.000,0,0
55.549,40.658,59.000,80.600,0,1.000,1.000,0,0
56.374,50.211,57.677,65.288,1,1.000,1.000,0,0
60.565,57.594,62.423,63.287,0,1.000,1.000,0,0
61.160,67.003,60.869,67.817,0,-1.000,1.000,0,0
59.284,72.453,59.314,72.346,0,1.000,-1.000,0,0
58.693,74.280,57.760,76.876,0,-1.000,1.000,0,0
56.784,79.707,56.206,81.405,0,-1.000,1.000,0,0
