422.045,-106.183,0.000,0.000,257.255,244.083,-950.045,137.083,-422.045,106.183,435.482,0,0,-1.000,-1.000,0,0,0,0
420.200,-106.706,0.000,0.000,259.100,244.606,-948.200,137.606,-420.200,106.706,433.822,0,0,-1.000,-1.000,0,0,0,0
418.355,-107.229,0.000,0.000,260.945,245.129,-946.355,138.129,-418.355,107.229,432.165,0,0,-1.000,-1.000,0,0,0,0
412.896,-108.776,0.000,0.000,266.405,246.676,-940.896,139.676,-412.896,108.776,427.274,0,0,-1.000,-1.000,0,0,0,0
407.360,-110.345,0.000,0.000,271.940,248.245,-935.360,141.245,-407.360,110.345,422.335,0,0,-1.000,-1.000,0,0,0,0
398.135,-112.961,0.000,0.000,281.165,250.861,-926.135,143.861,-398.135,112.961,414.149,0,0,-1.000,-1.000,0,0,0,0
388.910,-115.576,0.000,0.000,290.390,253.476,-916.910,146.476,-388.910,115.576,406.025,0,0,-1.000,-1.000,0,0,0,0
377.840,-118.714,0.000,0.000,301.460,256.614,-905.840,149.614,-377.840,118.714,396.363,0,0,-1.000,-1.000,0,0,0,0
368.615,-121.329,0.000,0.000,310.685,259.229,-896.615,152.229,-368.615,121.329,388.388,0,0,-1.000,-1.000,0,0,0,0
359.390,-123.944,0.000,0.000,319.910,261.844,-887.390,154.844,-359.390,123.944,380.488,0,0,-1.000,-1.000,0,0,0,0
352.010,-126.036,0.000,0.000,327.291,263.936,-880.010,156.936,-352.010,126.036,374.224,0,0,-1.000,-1.000,0,0,0,0
342.784,-128.651,0.000,0.000,336.516,266.551,-870.784,159.551,-342.784,128.651,366.470,0,0,-1.000,-1.000,0,0,0,0
331.714,-131.789,0.000,0.000,347.586,269.689,-859.714,162.689,-331.714,131.789,357.282,0,0,-1.000,-1.000,0,0,0,0
324.334,-133.881,0.000,0.000,354.966,271.781,-852.334,164.781,-324.334,133.881,351.233,0,0,-1.000,-1.000,0,0,0,0
318.199,-132.346,0.000,0.000,361.101,270.246,-846.199,163.246,-318.199,132.346,344.984,0,0,1.000,1.000,0,0,0,0
321.311,-123.276,0.000,0.000,357.989,261.176,-849.311,154.176,-321.311,123.276,344.508,0,0,1.000,1.000,0,0,0,0
323.801,-116.021,0.000,0.000,355.499,253.921,-851.801,146.921,-323.801,116.021,344.320,0,0,1.000,1.000,0,0,0,0
327.536,-105.137,0.000,0.000,351.764,243.037,-855.536,136.037,-327.536,105.137,344.357,0,0,1.000,1.000,0,0,0,0
330.649,-96.068,0.000,0.000,348.651,233.968,-858.649,126.968,-330.649,96.068,344.682,0,0,1.000,1.000,0,0,0,0
333.761,-86.998,0.000,0.000,345.539,224.898,-861.761,117.898,-333.761,86.998,345.273,0,0,1.000,1.000,0,0,0,0
336.874,-77.929,0.000,0.000,342.426,215.829,-864.874,108.829,-336.874,77.929,346.128,0,0,1.000,1.000,0,0,0,0
339.364,-70.673,0.000,0.000,339.936,208.573,-867.364,101.573,-339.364,70.673,347.002,0,0,1.000,1.000,0,0,0,0
343.099,-59.790,0.000,0.000,336.201,197.690,-871.099,90.690,-343.099,59.790,348.625,0,0,1.000,1.000,0,0,0,0
345.589,-52.534,0.000,0.000,333.711,190.434,-873.589,83.434,-345.589,52.534,349.913,0,0,1.000,1.000,0,0,0,0
348.701,-43.465,0.000,0.000,330.599,181.365,-876.701,74.365,-348.701,43.465,351.752,0,0,1.000,1.000,0,0,0,0
351.814,-34.395,0.000,0.000,327.486,172.295,-879.814,65.295,-351.814,34.395,353.841,0,0,1.000,1.000,0,0,0,0
354.926,-25.326,0.000,0.000,324.374,163.226,-882.926,56.226,-354.926,25.326,356.177,0,0,1.000,1.000,0,0,0,0
358.661,-14.442,0.000,0.000,320.639,152.342,-886.661,45.342,-358.661,14.442,359.297,0,0,1.000,1.000,0,0,0,0
361.151,-7.187,0.000,0.000,318.149,145.087,-889.151,38.087,-361.151,7.187,361.566,0,0,1.000,1.000,0,0,0,0
