TotalTime,MyPosX,MyPosZ,BallPosX,BallPosZ,DistToBall,HasBallTeam,DistToRivalGoal,ScoreTeam1,ScoreTeam2,DistBallToMyGoal,DistClosestAlly,DistClosestEnemy,InputX,InputZ,ActionShoot,ActionPass
0,14,108,80,-94,60,59,00,80,60,182,27,0,0,00,0,0,0,00,0,00,132,22,0,00,0,00,0,0
0,22,108,80,-94,60,59,00,80,60,182,26,0,0,00,0,0,0,00,0,00,132,22,0,00,0,00,0,0
0,30,108,80,-94,60,59,00,80,60,182,26,0,0,00,0,0,0,00,0,00,132,22,0,00,0,00,0,0
0,41,108,80,-94,60,59,00,80,60,182,26,0,0,00,0,0,0,00,0,00,132,22,0,00,0,00,0,0
0,50,108,80,-94,60,59,00,80,60,182,26,0,0,00,0,0,0,00,0,00,132,22,0,00,0,00,0,0
0,61,108,80,-94,60,59,00,80,60,182,26,0,0,00,0,0,0,00,0,00,132,22,0,00,0,00,0,0
0,71,108,80,-94,60,59,00,80,60,182,26,0,0,00,0,0,0,00,0,00,132,22,0,00,0,00,0,0
0,81,108,80,-94,60,59,00,80,60,182,26,0,0,00,0,0,0,00,0,00,132,22,0,00,0,00,0,0
0,91,108,80,-94,60,59,00,80,60,182,26,0,0,00,0,0,0,00,0,00,132,22,0,00,0,00,0,0
1,01,108,80,-94,60,59,00,80,60,182,26,0,0,00,0,0,0,00,0,00,132,22,0,00,0,00,0,0
1,10,108,80,-94,60,59,00,80,60,182,26,0,0,00,0,0,0,00,0,00,132,22,0,00,0,00,0,0
1,20,108,80,-94,60,59,00,80,60,182,26,0,0,00,0,0,0,00,0,00,132,22,0,00,0,00,0,0
1,30,108,80,-94,60,59,00,80,60,182,26,0,0,00,0,0,0,00,0,00,132,22,-1,00,0,00,0,0
1,40,108,80,-94,60,59,00,80,60,182,26,0,0,00,0,0,0,00,0,00,132,22,0,00,-1,00,0,0
1,51,108,80,-94,60,59,00,80,60,182,26,0,0,00,0,0,0,00,0,00,132,22,1,00,0,00,0,0
1,61,108,80,-94,60,59,00,80,60,182,26,0,0,00,0,0,0,00,0,00,132,22,-1,00,0,00,0,0
1,71,108,80,-94,60,59,00,80,60,182,26,0,0,00,0,0,0,00,0,00,132,22,-1,00,1,00,0,0
1,81,108,80,-94,60,59,00,80,60,182,26,0,0,00,0,0,0,00,0,00,132,22,1,00,1,00,0,0
1,90,108,80,-94,60,59,00,80,60,182,26,0,0,00,0,0,0,00,0,00,132,22,-1,00,0,00,0,0
2,01,108,80,-94,60,59,00,80,60,182,26,0,0,00,0,0,0,00,0,00,132,22,-1,00,0,00,0,0
2,10,108,80,-94,60,59,00,80,60,182,26,0,0,00,0,0,0,00,0,00,132,22,-1,00,0,00,0,0
2,20,108,80,-94,60,59,00,80,60,182,26,0,0,00,0,0,0,00,0,00,132,22,1,00,0,00,0,0
2,30,108,80,-94,60,59,00,80,60,182,26,0,0,00,0,0,0,00,0,00,132,22,1,00,0,00,0,0
2,40,108,80,-94,60,59,00,80,60,182,26,0,0,00,0,0,0,00,0,00,129,58,-1,00,0,00,0,0
2,51,108,80,-94,60,59,00,80,60,182,26,0,0,00,0,0,0,00,0,00,125,88,-1,00,1,00,0,0
2,61,108,80,-94,60,59,00,80,60,182,26,0,0,00,0,0,0,00,0,00,122,50,1,00,1,00,0,0
2,70,108,80,-94,60,59,00,80,60,182,26,0,0,00,0,0,0,00,0,00,119,46,1,00,0,00,0,0
2,81,108,80,-94,60,59,00,80,60,182,26,0,0,00,0,0,0,00,0,00,116,78,-1,00,0,00,0,0
2,90,108,80,-94,60,59,00,80,60,182,26,0,0,00,0,0,0,00,0,00,114,48,0,00,-1,00,0,0
3,00,108,80,-94,60,59,00,80,60,182,26,0,0,00,0,0,0,00,0,00,112,61,1,00,0,00,0,0
3,11,108,80,-94,60,59,00,80,60,182,26,0,0,00,0,0,0,00,0,00,111,16,-1,00,0,00,0,0
3,21,108,80,-94,60,59,00,80,60,182,26,0,0,00,0,0,0,00,0,00,110,17,-1,00,0,00,0,0
3,31,108,80,-94,60,59,00,80,60,182,26,0,0,00,0,0,0,00,0,00,109,64,0,00,1,00,0,0
3,40,108,80,-94,60,59,00,80,60,182,26,0,0,00,0,0,0,00,0,00,109,58,1,00,0,00,0,0
3,50,108,80,-94,60,59,00,80,60,182,26,0,0,00,0,0,0,00,0,00,109,99,0,00,0,00,0,0
3,61,108,80,-94,60,59,00,80,60,182,26,0,0,00,0,0,0,00,0,00,110,86,0,00,0,00,0,0
3,70,108,80,-94,60,59,00,80,60,182,26,0,0,00,0,0,0,00,0,00,112,18,0,00,0,00,0,0
